{
  "timestamp": "2026-03-11T13:09:58.031753",
  "results": [
    {
      "name": "LOW",
      "initial": 100.0,
      "final": 100.64,
      "pnl": 0.6399999999999998,
      "return_pct": 0.6399999999999998,
      "trades": 12
    },
    {
      "name": "MEDIUM",
      "initial": 100.0,
      "final": 100.585,
      "pnl": 0.585,
      "return_pct": 0.585,
      "trades": 4
    },
    {
      "name": "HIGH",
      "initial": 100.0,
      "final": 109.95,
      "pnl": 9.949999999999998,
      "return_pct": 9.949999999999998,
      "trades": 9
    }
  ]
}