{
  "timestamp": "2026-02-26T09:06:08.342480",
  "population_size": 50,
  "generations": 30,
  "best_params": {
    "grid_spacing_pct": 0.014958330692170728,
    "entry_multiplier": 1.13268036482069,
    "markup_pct": 0.012462140007664381,
    "initial_entry_pct": 0.02001282891028975
  },
  "train_results": {
    "return": -0.026198617054044037,
    "drawdown": 0.039567606987585845,
    "trades": 1,
    "win_rate": 1.0,
    "profit_factor": 10,
    "final_value": 97.3801382945956
  },
  "test_results": {
    "return": 0.005982604003126255,
    "drawdown": 0.007535997461280387,
    "trades": 7,
    "win_rate": 1.0,
    "profit_factor": 10,
    "final_value": 100.59826040031263
  },
  "best_fitness": 15.401757945216303
}